0,1
00:25 - 05/03/2024,UUFIc3M4U2xjSTJmVWN2R251WkNsdz09
00:40 - 25/05/2019,NUxPbXBRUmxGYWJTdDJMTFN4cFYxQT09
20:09 - 23/08/2023,dmdwS1A4OHhZY04xcjF1Ui9RdjcvQT09
WHlOK3FiaDdBd1h5V2p4UTdrMkd5QT09,10:15 - 14/07/2021
12:48 - 22/08/2024,UXdZYnY5dmZVNGp5ODlDM2QyQlVIdz09
SDNwSWxVbHgyVnkrc0lxQTd5Mkc3dz09,15:56 - 05/06/2024
10:27 - 09/10/2024,WE84aW91Y082WlFHcithOGw3UDNrZz09
10:10 - 16/09/2024,bGVvRnRXTXlYN2QrVThKQnVMeHI1Zz09
12:38 - 08/10/2024,TWx5aHBzS2NMSElRV012ZzRaYSs0UT09
16:45 - 04/07/2019,UUxEWkY0UU5rQTZJeG96UGp4TnBNUT09
